City_ID,City,Country,Lat,Lng,Max Temp,Humidity,Cloudiness,Wind Speed,Current Description
0,Riacho De Santana,BR,-13.6092,-42.9389,72.36,88,100,3.69,moderate rain
1,Bol,TD,13.4586,14.7147,72.82,34,0,15.66,clear sky
2,Saint-Philippe,RE,-21.3585,55.7679,78.39,80,99,15.5,overcast clouds
3,Dingle,PH,10.9995,122.6711,73.38,89,63,8.48,broken clouds
4,Kaniama,CD,-7.5667,24.1833,66.49,96,100,4.05,light rain
5,Chokurdakh,RU,70.6333,147.9167,-39.37,100,87,2.51,overcast clouds
6,Ancud,CL,-41.8697,-73.8203,75.22,66,10,6.38,clear sky
7,Ushuaia,AR,-54.8,-68.3,55.81,81,100,8.32,overcast clouds
8,Laguna,US,38.421,-121.4238,65.97,60,0,1.01,clear sky
9,Kavieng,PG,-2.5744,150.7967,81.16,77,82,3.47,broken clouds
10,Grand Gaube,MU,-20.0064,57.6608,79.38,80,91,4.0,overcast clouds
11,Touros,BR,-5.1989,-35.4608,86.9,63,1,13.51,clear sky
12,Xambioa,BR,-6.4111,-48.5364,83.59,83,100,1.5,overcast clouds
13,Bathsheba,BB,13.2167,-59.5167,83.01,65,40,18.41,scattered clouds
14,Muzhi,RU,65.3667,64.6667,-20.99,100,94,1.19,overcast clouds
15,Tabas,IR,33.5959,56.9244,49.01,34,0,3.58,clear sky
16,High Level,CA,58.5169,-117.136,34.23,85,28,5.82,scattered clouds
17,Bambous Virieux,MU,-20.3428,57.7575,79.21,82,92,12.73,overcast clouds
18,Thompson,CA,55.7435,-97.8558,-5.15,81,6,6.85,clear sky
19,Rocha,UY,-34.4833,-54.3333,71.35,44,0,19.66,clear sky
20,Georgetown,MY,5.4112,100.3354,78.73,91,40,0.0,scattered clouds
21,Mataura,NZ,-46.1927,168.8643,43.48,90,10,0.92,clear sky
22,Obodivka,UA,48.4051,29.2477,37.26,63,100,10.65,overcast clouds
23,Charters Towers,AU,-20.1,146.2667,69.17,79,100,5.5,overcast clouds
24,Port Alfred,ZA,-33.5906,26.891,75.02,82,47,26.22,scattered clouds
25,Leningradskiy,RU,69.3833,178.4167,-22.76,98,28,6.62,scattered clouds
26,Wladyslawowo,PL,54.7909,18.4009,42.01,96,100,16.84,light rain
27,Bluff,NZ,-46.6,168.3333,43.81,78,6,4.79,clear sky
28,Punta Arenas,CL,-53.15,-70.9167,69.91,52,75,16.11,broken clouds
29,Kapaa,US,22.0752,-159.319,75.52,80,75,1.01,light rain
30,Keflavik,IS,64.0049,-22.5624,27.03,74,100,9.22,overcast clouds
31,Buraydah,SA,26.326,43.975,55.92,37,0,5.55,clear sky
32,Baijiantan,CN,45.6333,85.1833,4.78,83,6,4.56,clear sky
33,Castro,BR,-24.7911,-50.0119,77.86,67,29,6.71,moderate rain
34,Vila Velha,BR,-20.3297,-40.2925,82.35,81,40,5.99,scattered clouds
35,Tautira,PF,-17.7333,-149.15,86.02,76,61,21.32,light rain
36,Dikson,RU,73.5069,80.5464,-20.54,99,94,9.64,overcast clouds
37,Kudahuvadhoo,MV,2.6708,72.8944,81.88,64,30,10.56,scattered clouds
38,Cidreira,BR,-30.1811,-50.2056,81.25,51,0,11.86,clear sky
39,Airai,TL,-8.9266,125.4092,60.82,89,92,1.16,overcast clouds
40,Derzhavinsk,KZ,51.1,66.3167,12.99,84,100,9.84,overcast clouds
41,Iqaluit,CA,63.7506,-68.5145,-32.31,66,71,1.99,broken clouds
42,Luxor,EG,25.6989,32.6421,59.43,30,0,8.25,clear sky
43,Namibe,AO,-15.1961,12.1522,75.06,69,100,13.47,overcast clouds
44,Sarakhs,IR,36.5449,61.1577,37.69,96,100,7.43,overcast clouds
45,Vaini,TO,-21.2,-175.2,75.36,94,100,10.36,light rain
46,Ribeira Grande,PT,38.5167,-28.7,63.0,82,75,12.66,broken clouds
47,Camana,PE,-16.6228,-72.7111,75.09,68,73,7.43,broken clouds
48,Ust-Nera,RU,64.5667,143.2,-24.47,79,4,3.02,clear sky
49,Santiago,CL,-33.4569,-70.6483,96.28,22,0,9.22,clear sky
50,Zhigansk,RU,66.7697,123.3711,-25.56,99,96,6.49,overcast clouds
51,Kutum,SD,14.2,24.6667,57.52,16,38,12.1,scattered clouds
52,Rikitea,PF,-23.1203,-134.9692,79.09,70,2,16.75,clear sky
53,Mar Del Plata,AR,-38.0023,-57.5575,68.09,88,75,7.0,mist
54,Jamestown,US,42.097,-79.2353,34.72,30,0,13.8,clear sky
55,Arman,RU,59.7,150.1667,2.01,71,4,10.98,clear sky
56,Inirida,CO,3.8653,-67.9239,86.18,62,100,3.49,overcast clouds
57,Puerto Ayora,EC,-0.7393,-90.3518,82.36,86,58,8.01,broken clouds
58,Pevek,RU,69.7008,170.3133,-24.34,99,33,1.05,scattered clouds
59,Cabo San Lucas,MX,22.8909,-109.9124,76.6,64,20,5.99,few clouds
60,Wichita Falls,US,33.9137,-98.4934,51.06,48,0,5.75,clear sky
61,Torbay,CA,47.6666,-52.7314,15.89,81,75,14.97,broken clouds
62,Hithadhoo,MV,-0.6,73.0833,82.47,73,32,12.55,scattered clouds
63,Ballitoville,ZA,-29.539,31.2144,73.24,86,36,4.79,light rain
64,Bredasdorp,ZA,-34.5322,20.0403,66.27,66,0,3.91,clear sky
65,Mount Gambier,AU,-37.8333,140.7667,59.36,63,0,5.23,clear sky
66,Mareeba,AU,-17.0,145.4333,70.52,93,89,2.42,overcast clouds
67,Comodoro Rivadavia,AR,-45.8667,-67.5,76.86,33,0,12.66,clear sky
68,Shenjiamen,CN,29.9576,122.298,42.13,79,100,13.96,light rain
69,Yellowknife,CA,62.456,-114.3525,-4.59,87,100,13.8,light snow
70,Kloulklubed,PW,7.0419,134.2556,77.5,82,100,23.09,overcast clouds
71,Port Blair,IN,11.6667,92.75,78.66,81,12,9.93,few clouds
72,Cape Town,ZA,-33.9258,18.4232,69.1,74,15,1.01,few clouds
73,Oktyabrskiy,RU,54.4815,53.471,8.1,98,100,2.93,overcast clouds
74,Kahului,US,20.8947,-156.47,76.84,73,20,14.97,few clouds
75,Iquitos,PE,-3.7481,-73.2472,89.64,62,40,4.61,scattered clouds
76,East London,ZA,-33.0153,27.9116,74.82,82,1,22.03,clear sky
77,Longyearbyen,SJ,78.2186,15.6401,19.24,63,20,12.66,few clouds
78,Solnechnyy,RU,50.7214,136.6319,-4.54,99,98,2.44,overcast clouds
79,Aklavik,CA,68.2191,-135.0107,-14.73,91,100,18.3,overcast clouds
80,Gornopravdinsk,RU,60.05,69.9,10.83,96,100,6.82,overcast clouds
81,Vilhena,BR,-12.7406,-60.1458,80.38,72,70,6.15,moderate rain
82,Xiaoweizhai,CN,26.1903,107.5125,39.07,97,100,3.94,overcast clouds
83,Oistins,BB,13.0667,-59.5333,82.49,65,40,18.41,scattered clouds
84,Jalingo,NG,8.8833,11.3667,80.2,15,2,6.2,clear sky
85,Itoman,JP,26.1247,127.6694,59.02,58,100,9.22,overcast clouds
86,Palmer,US,42.1584,-72.3287,29.28,41,40,3.0,scattered clouds
87,Kangaatsiaq,GL,68.3065,-53.4641,2.01,88,100,5.46,overcast clouds
88,Skjervoy,NO,70.0311,20.9714,32.18,67,92,18.48,overcast clouds
89,Cherskiy,RU,68.75,161.3,-31.16,100,24,1.1,few clouds
90,Safaga,EG,26.7292,33.9365,61.65,48,0,14.76,clear sky
91,Norman Wells,CA,65.282,-126.8329,-14.76,70,75,16.11,broken clouds
92,Hede,CN,33.7681,120.2517,34.61,60,100,5.73,light snow
93,Hermanus,ZA,-34.4187,19.2345,67.89,89,9,8.19,clear sky
94,Fukue,JP,32.6881,128.8419,43.88,62,95,17.6,overcast clouds
95,Severo-Kurilsk,RU,50.6789,156.125,29.68,83,100,14.97,overcast clouds
96,Zhezkazgan,KZ,47.8043,67.7144,27.36,98,100,8.3,snow
97,Corn Island,NI,12.1694,-83.0418,80.37,63,1,14.43,clear sky
98,Tasiilaq,GL,65.6145,-37.6368,23.16,62,100,35.54,overcast clouds
99,Hobart,AU,-42.8794,147.3294,53.06,87,20,1.01,few clouds
100,Tilichiki,RU,60.4667,166.1,-13.94,84,10,9.22,clear sky
101,Kruisfontein,ZA,-34.0033,24.7314,75.88,58,100,14.34,overcast clouds
102,Busselton,AU,-33.65,115.3333,54.09,53,64,17.92,broken clouds
103,Nikolskoye,RU,59.7035,30.7861,35.87,94,100,12.28,light snow
104,Trinidad,BO,-14.8333,-64.9,82.38,78,75,4.61,broken clouds
105,La Baule-Escoublac,FR,47.2922,-2.364,53.22,94,100,21.85,overcast clouds
106,Te Anau,NZ,-45.4167,167.7167,41.56,88,15,1.14,few clouds
107,San Cristobal,VE,7.7669,-72.225,79.99,50,62,4.85,broken clouds
108,Avarua,CK,-21.2078,-159.775,77.05,88,85,10.36,overcast clouds
109,Inhambane,MZ,-23.865,35.3833,78.03,76,24,15.21,few clouds
110,Wuwei,CN,37.9281,102.6414,11.77,94,99,1.72,overcast clouds
111,La Tuque,CA,47.4334,-72.7824,5.25,61,100,6.91,overcast clouds
112,Port Hardy,CA,50.6996,-127.4199,46.76,83,100,14.23,overcast clouds
113,Goderich,CA,43.7501,-81.7165,29.91,83,100,19.08,overcast clouds
114,Winnemucca,US,40.973,-117.7357,44.65,39,0,10.36,clear sky
115,Atuona,PF,-9.8,-139.0333,78.78,72,0,19.04,clear sky
116,Jalu,LY,29.0331,21.5482,60.94,28,6,4.76,clear sky
117,Rio De Janeiro,BR,-22.9028,-43.2075,87.76,62,75,9.22,light rain
118,Hami,CN,42.8,93.45,26.6,32,17,12.95,few clouds
119,Ucluelet,CA,48.9329,-125.5528,46.71,90,60,1.01,broken clouds
120,Petropavlovsk-Kamchatskiy,RU,53.0452,158.6483,27.19,74,75,17.9,light shower snow
121,Saint-Augustin,CA,51.226,-58.6502,-1.89,71,6,14.27,clear sky
122,Saldanha,ZA,-33.0117,17.9442,63.9,95,38,8.63,scattered clouds
123,Albany,US,42.6001,-73.9662,27.82,51,13,1.99,few clouds
124,Tibati,CM,6.4667,12.6333,76.24,23,0,3.13,clear sky
125,Quelimane,MZ,-17.8786,36.8883,74.05,96,97,4.41,light rain
126,Mallapuram,IN,11.9667,78.25,68.63,86,97,5.08,overcast clouds
127,Lagoa,PT,39.05,-27.9833,60.19,85,16,12.15,few clouds
128,Provideniya,RU,64.3833,-173.3,-5.57,84,2,4.03,clear sky
129,Zlobin,HR,45.2924,14.6541,42.1,87,75,6.91,broken clouds
130,Kodiak,US,57.79,-152.4072,36.91,70,0,10.36,clear sky
131,Saskylakh,RU,71.9167,114.0833,-24.65,100,95,1.61,overcast clouds
132,Mariental,NA,-24.6333,17.9667,83.89,34,100,4.32,overcast clouds
133,General Pico,AR,-35.6566,-63.7568,78.57,19,0,8.1,clear sky
134,Hasaki,JP,35.7333,140.8333,25.2,43,0,24.02,clear sky
135,Upernavik,GL,72.7868,-56.1549,-12.98,97,100,6.58,overcast clouds
136,Didsbury,GB,53.417,-2.2315,43.93,75,97,17.0,overcast clouds
137,Tarakan,ID,3.3,117.6333,77.29,85,100,6.98,overcast clouds
138,Bayan,CN,46.0833,127.4,-9.78,100,94,3.18,overcast clouds
139,Alihe,CN,50.5667,123.7167,-7.31,97,82,2.93,broken clouds
140,Brownwood,US,31.7093,-98.9912,54.72,40,0,5.75,clear sky
141,Codrington,AU,-38.2667,141.9667,57.51,77,0,9.08,clear sky
142,Havelock,US,34.8791,-76.9013,53.06,69,43,5.99,scattered clouds
143,Lebu,CL,-37.6167,-73.65,66.25,64,0,13.42,clear sky
144,Bam,IR,29.106,58.357,51.3,31,0,3.11,clear sky
145,Dolores,AR,-36.3132,-57.6792,65.26,81,100,13.8,overcast clouds
146,Victoria,HK,22.2855,114.1577,62.65,84,100,1.99,overcast clouds
147,Karancskeszi,HU,48.1635,19.6969,37.96,79,100,7.4,overcast clouds
148,Eyl,SO,7.9803,49.8164,75.09,71,100,16.4,overcast clouds
149,Ilulissat,GL,69.2167,-51.1,1.42,60,100,5.75,overcast clouds
150,Lazaro Cardenas,MX,17.9583,-102.2,84.97,43,17,9.13,few clouds
151,Padang,ID,-0.9492,100.3543,77.04,75,100,3.47,overcast clouds
152,Najran,SA,17.4924,44.1277,59.65,42,9,4.32,clear sky
153,New Norfolk,AU,-42.7826,147.0587,52.72,74,4,1.95,clear sky
154,Aasiaat,GL,68.7098,-52.8699,-0.35,91,100,1.52,overcast clouds
155,Saint George,US,37.1041,-113.5841,59.47,23,0,1.99,clear sky
156,Wahiawa,US,21.5028,-158.0236,75.52,82,75,0.0,light rain
157,Slave Lake,CA,55.2834,-114.769,46.38,46,0,25.32,clear sky
158,Lompoc,US,34.6391,-120.4579,74.57,38,0,3.44,clear sky
159,Konstantinovka,RU,49.6167,127.9833,-14.19,100,100,3.11,overcast clouds
160,Hilo,US,19.7297,-155.09,72.25,91,100,5.75,heavy intensity rain
161,Kattivakkam,IN,13.2167,80.3167,80.08,76,100,9.6,overcast clouds
162,Virtsu,EE,58.5716,23.5115,33.78,96,99,8.5,overcast clouds
163,Karratha,AU,-20.7377,116.8463,83.79,80,1,5.55,clear sky
164,High River,CA,50.5834,-113.8687,51.89,77,74,8.5,broken clouds
165,Namatanai,PG,-3.6667,152.4333,79.36,79,19,3.33,few clouds
166,Khatanga,RU,71.9667,102.5,-18.33,98,99,8.61,overcast clouds
167,Butaritari,KI,3.0707,172.7902,81.39,77,34,15.23,light rain
168,Shirokiy,RU,49.758,129.523,-22.0,100,100,1.83,overcast clouds
169,Bahia Honda,CU,22.9036,-83.1592,80.26,50,1,8.79,clear sky
170,Arys,KZ,42.4252,68.795,35.82,88,100,11.23,light rain
171,Banjar,ID,-8.19,114.9675,78.66,92,99,2.64,overcast clouds
172,Tuktoyaktuk,CA,69.4541,-133.0374,-17.39,100,100,10.63,overcast clouds
173,Barrow,US,71.2906,-156.7887,-23.78,69,20,13.8,haze
174,Margate,GB,51.3813,1.3862,47.97,65,60,11.99,broken clouds
175,Brufut,GM,13.3814,-16.7518,84.29,48,0,8.05,clear sky
176,Bardiyah,LY,31.7561,25.0865,58.98,58,3,6.71,clear sky
177,Salinas,US,36.6777,-121.6555,67.21,46,0,0.0,clear sky
178,Trairi,BR,-3.2778,-39.2689,83.91,65,76,10.92,broken clouds
179,Tuatapere,NZ,-46.1333,167.6833,44.82,84,5,3.0,clear sky
180,Icatu,BR,-2.7758,-44.0658,79.23,89,98,7.4,light rain
181,Deoria,IN,26.5047,83.7872,52.34,82,0,3.33,clear sky
182,San Patricio,US,28.017,-97.5169,64.38,60,6,5.26,clear sky
183,Uarini,BR,-2.99,-65.1083,89.55,86,90,3.22,overcast clouds
184,Porto Novo,BJ,6.4965,2.6036,79.32,78,5,6.87,clear sky
185,Amapa,BR,1.0,-52.0,73.02,99,100,4.07,overcast clouds
186,Saint-Joseph,RE,-21.3667,55.6167,77.38,78,98,11.07,overcast clouds
187,Grootfontein,NA,-19.5667,18.1167,67.57,94,100,2.3,overcast clouds
188,Mehamn,NO,71.0357,27.8492,18.64,89,30,14.83,scattered clouds
189,Tiksi,RU,71.6872,128.8694,-14.96,98,100,3.71,overcast clouds
190,Andrews,US,32.3187,-102.5457,54.41,25,0,20.71,clear sky
191,Tabou,CI,4.423,-7.3528,80.31,80,100,9.69,overcast clouds
192,Mahebourg,MU,-20.4081,57.7,79.25,89,40,9.22,scattered clouds
193,Narsaq,GL,60.9167,-46.05,7.02,72,100,1.16,overcast clouds
194,Nuevo Progreso,MX,23.1667,-97.95,68.59,35,28,8.01,scattered clouds
195,Llanes,ES,43.4198,-4.7549,51.89,70,71,8.63,broken clouds
196,Kaitangata,NZ,-46.2817,169.8464,47.93,75,10,1.45,clear sky
197,Saquarema,BR,-22.92,-42.5103,87.94,86,52,8.25,broken clouds
198,Huilong,CN,31.8111,121.655,42.04,69,100,10.4,light rain
199,Villa Maria,AR,-32.4075,-63.2402,81.1,17,0,11.99,clear sky
200,Kropotkin,RU,45.4375,40.5756,34.23,76,100,13.87,overcast clouds
201,Emerald,AU,-23.5333,148.1667,69.35,66,1,7.45,clear sky
202,Broken Hill,AU,-31.95,141.4333,70.09,40,3,13.4,clear sky
203,Albanel,CA,48.8832,-72.4487,3.34,78,100,10.36,overcast clouds
204,Den Helder,NL,52.9599,4.7593,42.98,75,75,24.0,broken clouds
205,Carman,CA,49.4992,-98.0016,3.52,65,76,9.22,broken clouds
206,Sorata,BO,-15.7667,-68.6333,45.63,94,100,6.44,heavy intensity rain
207,Yabelo,ET,4.8833,38.0833,68.47,23,48,5.61,scattered clouds
208,Colares,PT,38.7992,-9.4469,59.29,49,0,5.01,clear sky
209,Bengkulu,ID,-3.8004,102.2655,76.1,88,100,9.84,overcast clouds
210,Takoradi,GH,4.8845,-1.7554,80.64,78,80,8.63,broken clouds
211,Salalah,OM,17.0151,54.0924,75.29,78,0,3.44,clear sky
212,Bambanglipuro,ID,-7.95,110.2833,75.99,88,100,4.68,overcast clouds
213,Miracema Do Tocantins,BR,-9.5618,-48.3967,84.34,71,98,4.88,overcast clouds
214,Chuy,UY,-33.6971,-53.4616,75.27,39,3,16.82,clear sky
215,Acapulco,MX,16.8634,-99.8901,85.82,58,0,6.91,clear sky
216,Olafsvik,IS,64.8945,-23.7142,28.08,70,100,16.98,overcast clouds
217,Paamiut,GL,61.994,-49.6678,6.69,76,100,11.52,overcast clouds
218,Sao Joao Da Barra,BR,-21.6403,-41.0511,86.09,81,1,18.86,clear sky
219,Spirit River,CA,55.7833,-118.8361,43.32,62,95,22.48,overcast clouds
220,Hambantota,LK,6.1241,81.1185,75.22,74,97,11.05,overcast clouds
221,Dubai,AE,25.2582,55.3047,71.22,56,20,11.5,few clouds
222,Skibbereen,IE,51.55,-9.2667,51.12,83,100,16.58,overcast clouds
223,Loa Janan,ID,-0.583,117.095,72.84,98,100,2.62,overcast clouds
224,Arraial Do Cabo,BR,-22.9661,-42.0278,87.76,65,0,14.97,clear sky
225,Whitianga,NZ,-36.8333,175.7,66.02,97,100,14.63,light rain
226,Lorengau,PG,-2.0226,147.2712,81.01,79,100,7.58,overcast clouds
227,Jinchang,CN,38.4953,102.1739,11.21,97,96,2.26,overcast clouds
228,Inuvik,CA,68.3499,-133.7218,-18.36,76,100,8.05,light snow
229,Sainte-Anne-Des-Monts,CA,49.124,-66.4924,4.87,66,24,10.36,few clouds
230,Birjand,IR,32.8663,59.2211,32.47,74,0,4.61,clear sky
231,Vanimo,PG,-2.6741,141.3028,77.63,87,100,5.12,overcast clouds
232,Coquimbo,CL,-29.9533,-71.3436,69.53,68,75,13.8,broken clouds
233,Kaputa,ZM,-8.4689,29.6619,68.77,92,100,4.41,moderate rain
234,Floro,NO,61.5996,5.0328,37.36,75,40,14.97,scattered clouds
235,Jaora,IN,23.6333,75.1333,61.72,26,0,3.74,clear sky
236,Vestmanna,FO,62.1564,-7.1664,34.72,60,75,29.93,broken clouds
237,Kavaratti,IN,10.5669,72.642,78.3,68,62,10.71,broken clouds
238,Bethel,US,41.3712,-73.414,29.98,56,0,9.22,clear sky
239,Pacific Grove,US,36.6177,-121.9166,67.3,51,0,4.0,clear sky
240,Alugan,PH,12.2188,125.4808,79.27,80,47,14.16,scattered clouds
241,Nanortalik,GL,60.1432,-45.2371,15.22,67,100,20.65,overcast clouds
242,Libreville,GA,0.3925,9.4537,79.97,81,44,8.12,scattered clouds
243,Tura,IN,25.5198,90.2201,51.69,81,0,2.89,clear sky
244,Kamenka,RU,51.3223,42.7678,24.75,98,93,5.23,overcast clouds
245,Okhotsk,RU,59.3833,143.3,-0.83,69,100,12.15,overcast clouds
246,Muros,ES,42.7762,-9.0603,52.84,71,47,10.63,scattered clouds
247,Qaanaaq,GL,77.484,-69.3632,-12.6,58,32,8.34,scattered clouds
248,Vitim,RU,59.4511,112.5578,10.83,96,100,5.03,overcast clouds
249,Tateyama,JP,34.9833,139.8667,35.62,50,98,10.69,overcast clouds
250,Newport,GB,51.5877,-2.9984,48.45,72,15,8.99,few clouds
251,Catamarca,AR,-28.4696,-65.7852,80.78,45,32,1.99,scattered clouds
252,Ust-Kuyga,RU,70.0167,135.6,-40.18,100,100,4.36,overcast clouds
253,Cravo Norte,CO,6.3017,-70.2041,97.07,28,79,9.24,broken clouds
254,Yerbogachen,RU,61.2767,108.0108,-7.11,100,100,1.95,overcast clouds
255,La Ronge,CA,55.1001,-105.2842,3.45,78,100,10.36,overcast clouds
256,Ardmore,US,34.1743,-97.1436,50.59,40,0,1.01,clear sky
257,Aitape,PG,-3.1374,142.3475,77.54,88,100,3.24,overcast clouds
258,Clyde River,CA,70.4692,-68.5914,-32.57,68,0,8.05,clear sky
259,Maungaturoto,NZ,-36.1,174.3667,68.67,99,100,6.06,overcast clouds
260,Urumqi,CN,43.801,87.6005,-1.25,85,5,2.24,mist
261,Vila,PT,42.0304,-8.1588,43.68,51,100,4.68,overcast clouds
262,Carnarvon,AU,-24.8667,113.6333,73.58,66,39,23.8,scattered clouds
263,Lyngseidet,NO,69.5763,20.2189,30.29,82,100,18.23,overcast clouds
264,Kieta,PG,-6.2167,155.6333,79.36,83,100,7.56,overcast clouds
265,Saint Anthony,US,45.0205,-93.218,21.83,71,100,5.01,haze
266,Port Elizabeth,ZA,-33.918,25.5701,78.1,83,0,14.97,clear sky
267,Novikovo,RU,51.1537,37.8879,29.71,93,100,10.38,overcast clouds
268,Malakal,SS,9.5334,31.6605,77.29,14,59,9.69,broken clouds
269,Hovd,MN,48.0056,91.6419,-13.88,75,12,3.2,few clouds
270,Moussoro,TD,13.6408,16.4901,71.11,9,0,11.9,clear sky
271,Qingdao,CN,36.0986,120.3719,20.8,68,100,0.0,smoke
272,Vardo,NO,70.3705,31.1107,26.58,74,75,17.27,broken clouds
273,Sitka,US,57.0531,-135.33,44.49,81,100,23.02,moderate rain
274,Oyotun,PE,-6.8519,-79.3036,76.59,48,60,8.9,broken clouds
275,Ulundi,ZA,-28.3352,31.4162,65.52,97,52,3.02,broken clouds
276,Plettenberg Bay,ZA,-34.0527,23.3716,74.48,64,94,5.57,overcast clouds
277,Beringovskiy,RU,63.05,179.3167,-18.35,98,46,7.49,scattered clouds
278,Geraldton,AU,-28.7667,114.6,70.21,56,100,12.66,overcast clouds
279,Kendari,ID,-3.945,122.4989,78.73,82,100,8.19,overcast clouds
280,Passo Fundo,BR,-28.2628,-52.4067,78.62,38,0,12.48,clear sky
281,Alofi,NU,-19.0595,-169.9187,75.09,94,100,11.5,overcast clouds
282,Lata,PT,40.1629,-8.3327,52.81,61,1,3.94,clear sky
283,Butembo,CD,0.15,29.2833,63.93,46,88,2.08,overcast clouds
284,Axim,GH,4.8699,-2.2405,80.15,79,54,7.9,broken clouds
285,Atar,MR,20.5169,-13.0499,80.96,8,0,8.86,clear sky
286,Sao Filipe,CV,14.8961,-24.4956,73.81,71,0,10.89,clear sky
287,Beysehir,TR,37.6773,31.7246,26.26,91,16,4.72,few clouds
288,Lieksa,FI,63.3167,30.0167,26.4,93,100,17.52,snow
289,Husavik,IS,66.0449,-17.3389,24.71,77,100,8.23,overcast clouds
290,Carutapera,BR,-1.195,-46.02,80.4,83,100,6.8,moderate rain
291,Russell,US,32.3502,-85.1999,56.48,52,44,6.64,scattered clouds
292,Necochea,AR,-38.5473,-58.7368,64.04,72,98,19.73,overcast clouds
293,Ostersund,SE,63.1792,14.6357,21.61,93,100,2.3,overcast clouds
294,Rameswaram,IN,9.2833,79.3,80.01,67,92,20.8,overcast clouds
295,Khuzhir,RU,53.1939,107.3397,12.96,88,80,5.14,broken clouds
296,Cabra,ES,37.4725,-4.4421,56.14,73,12,3.27,few clouds
297,Montorio Al Vomano,IT,42.5831,13.6383,52.07,79,2,7.99,clear sky
298,Gat,IL,31.61,34.7642,54.91,83,0,5.59,clear sky
299,Ugoofaaru,MV,5.6667,73.0,81.19,67,68,10.2,broken clouds
300,San Antonio,US,29.4241,-98.4936,58.48,37,0,1.99,clear sky
301,Minab,IR,27.1467,57.0801,65.7,63,0,2.3,clear sky
302,Fortuna,US,40.5982,-124.1573,61.93,61,0,5.75,clear sky
303,Oneonta,US,42.4529,-75.0638,30.29,78,41,12.91,scattered clouds
304,Tamworth,GB,52.634,-1.6959,44.47,81,80,7.0,broken clouds
305,Talnakh,RU,69.4865,88.3972,-26.18,98,52,2.53,broken clouds
306,Turinsk,RU,58.0458,63.696,10.63,94,100,5.44,overcast clouds
307,Boulder,US,40.0833,-105.3505,35.11,51,0,5.01,clear sky
308,Denizli,TR,37.8402,29.0698,41.85,61,0,3.96,clear sky
309,Makakilo City,US,21.3469,-158.0858,77.32,72,0,3.44,light rain
310,Hamilton,US,39.1834,-84.5333,40.14,58,0,3.0,clear sky
311,Baykit,RU,61.67,96.37,-6.41,100,100,2.53,overcast clouds
312,Deputatskiy,RU,69.3,139.9,-34.47,98,88,5.23,overcast clouds
313,Shingu,JP,33.7333,135.9833,38.91,73,33,6.02,scattered clouds
314,Klyuchi,RU,52.2667,79.1667,-3.51,99,32,4.05,scattered clouds
315,Cabedelo,BR,-6.9811,-34.8339,86.67,62,20,10.45,few clouds
316,Pantai Remis,MY,4.4557,100.6288,77.02,86,100,1.61,light rain
317,Pimampiro,EC,0.4,-77.9667,67.64,72,96,1.95,light rain
318,Tongchuan,CN,35.0806,109.0897,22.28,89,100,5.17,overcast clouds
319,Bud,US,39.447,-86.1758,38.75,56,0,6.93,clear sky
320,Flinders,AU,-34.5833,150.8552,66.79,85,77,10.0,light rain
321,Mayumba,GA,-3.432,10.6554,78.04,87,65,4.03,broken clouds
322,Stonewall,CA,50.1344,-97.3268,6.71,89,85,5.66,overcast clouds
323,Behbahan,IR,30.5959,50.2417,51.12,60,0,5.91,clear sky
324,Bonavista,CA,48.6499,-53.1147,16.12,63,100,25.41,overcast clouds
325,Rio Grande,BR,-32.035,-52.0986,75.94,56,56,13.24,broken clouds
326,Gobabis,NA,-22.45,18.9667,71.87,57,48,6.71,scattered clouds
327,Egvekinot,RU,66.3167,-179.1667,-14.57,83,2,7.25,clear sky
328,San Pedro De Ycuamandiyu,PY,-24.0917,-57.0764,90.91,30,1,10.2,clear sky
329,Bitkine,TD,11.9801,18.2138,76.12,16,0,8.28,clear sky
330,Lavrentiya,RU,65.5833,-171.0,-12.37,93,5,6.89,clear sky
331,Sokoni,TZ,-6.4333,39.55,80.83,83,100,10.27,overcast clouds
332,Pavlodar,KZ,52.3,76.95,-2.4,78,0,11.18,clear sky
333,Bundaberg,AU,-24.85,152.35,67.21,86,68,5.01,broken clouds
334,Les Cayes,HT,18.2,-73.75,82.71,53,2,10.11,clear sky
335,Oda,JP,35.1833,132.5,38.34,58,95,10.54,overcast clouds
336,Bowen,AU,-20.0167,148.2333,73.69,81,76,12.41,broken clouds
337,El Alto,PE,-4.2714,-81.2147,80.26,67,17,15.39,few clouds
338,Srednekolymsk,RU,67.45,153.6833,-36.83,100,58,1.28,broken clouds
339,Olinda,BR,-8.0089,-34.8553,83.93,61,0,8.05,clear sky
340,Champerico,GT,14.3,-91.9167,93.76,57,7,11.45,clear sky
341,Whitehorse,CA,60.7161,-135.0538,32.77,86,75,14.97,broken clouds
342,Waddan,LY,29.1614,16.139,62.04,18,7,6.49,clear sky
343,Beisfjord,NO,68.3751,17.5988,30.25,82,100,9.42,overcast clouds
344,Tazovskiy,RU,67.4667,78.7,-22.97,100,98,3.36,overcast clouds
345,Prince George,CA,53.9166,-122.753,40.62,70,0,19.57,clear sky
346,Sakakah,SA,29.9697,40.2064,49.57,51,1,8.41,clear sky
347,Manavgat,TR,36.7867,31.4431,48.61,65,0,4.92,clear sky
348,Alice Springs,AU,-23.7,133.8833,58.55,94,0,6.91,clear sky
349,Misratah,LY,32.3754,15.0925,60.39,72,100,6.67,overcast clouds
350,Angoche,MZ,-16.2325,39.9086,77.22,87,100,8.84,light rain
351,Coahuayana,MX,18.7333,-103.6833,87.28,30,5,7.61,clear sky
352,Faanui,PF,-16.4833,-151.75,81.23,75,100,22.88,overcast clouds
353,Iralaya,HN,15.0,-83.2333,84.29,57,0,9.78,clear sky
354,Duma,CN,34.7653,108.135,23.02,96,100,3.29,overcast clouds
355,Faya,SA,18.3851,42.4509,52.32,77,6,1.81,clear sky
356,Tamiahua,MX,21.2667,-97.45,64.81,61,5,6.78,clear sky
357,Ballina,AU,-28.8667,153.5667,63.79,98,99,15.73,overcast clouds
358,Kondopoga,RU,62.2057,34.2614,19.08,95,100,9.46,overcast clouds
359,Katsuura,JP,35.1333,140.3,35.71,46,84,9.53,broken clouds
360,Cosala,MX,24.4125,-106.6908,77.18,37,87,8.43,overcast clouds
361,Khorramshahr,IR,30.4397,48.1664,57.16,51,0,6.91,clear sky
362,Northam,GB,51.0333,-4.2167,49.62,82,30,29.46,scattered clouds
363,Shimoda,JP,34.6667,138.95,35.1,72,50,10.58,light snow
364,Seda,LV,57.65,25.75,34.32,98,100,9.98,light snow
365,Henties Bay,NA,-22.116,14.2845,69.85,80,79,9.53,broken clouds
366,Yulara,AU,-25.2406,130.9889,67.84,45,0,4.61,clear sky
367,Tottori,JP,35.5,134.2333,36.84,79,100,4.85,overcast clouds
368,Port Keats,AU,-14.25,129.55,78.17,86,100,6.67,overcast clouds
369,Ixtapa,MX,20.7,-105.2,76.23,69,20,12.66,few clouds
370,Gander,CA,48.9682,-54.5906,10.78,66,75,15.99,broken clouds
371,Trincomalee,LK,8.5711,81.2335,79.02,68,100,11.59,overcast clouds
372,Sal Rei,CV,16.1833,-22.9167,72.16,73,75,17.27,broken clouds
373,Atikokan,CA,48.7555,-91.6216,13.82,82,100,7.25,overcast clouds
374,Horodnytsya,UA,50.807,27.3168,32.77,98,100,11.79,light snow
375,Clarence Town,AU,-32.5833,151.7833,68.99,93,11,3.56,few clouds
376,Marfino,RU,55.7028,37.3822,22.95,90,75,6.71,mist
377,Ambilobe,MG,-13.2,49.05,75.56,92,100,3.13,light rain
378,Cairns,AU,-16.9167,145.7667,75.15,88,40,11.5,scattered clouds
379,Sorland,NO,67.667,12.6934,35.46,62,100,17.34,overcast clouds
380,Mocuba,MZ,-16.8392,36.9856,71.53,98,9,3.58,light rain
381,Esperance,AU,-33.8667,121.9,63.19,71,100,23.47,overcast clouds
382,Klaksvik,FO,62.2266,-6.589,34.72,59,81,35.88,broken clouds
383,Masterton,NZ,-40.9597,175.6575,58.95,97,100,4.56,overcast clouds
384,Islamkot,PK,24.6997,70.177,66.33,68,0,10.54,clear sky
385,Grindavik,IS,63.8424,-22.4338,27.07,74,100,11.5,overcast clouds
386,College,US,64.8569,-147.8028,-1.71,78,100,3.44,light snow
387,Marzuq,YE,14.4,46.4667,65.86,32,100,1.74,overcast clouds
388,Auki,SB,-8.7676,160.7034,78.87,88,100,7.63,overcast clouds
389,Caravelas,BR,-17.7125,-39.2481,83.34,65,7,10.25,clear sky
390,Aktas,KZ,49.7789,72.9608,7.75,74,6,9.51,clear sky
391,Union,US,40.6334,-74.2663,35.15,62,0,8.05,clear sky
392,Komsomolskiy,UZ,40.4272,71.7189,39.92,87,75,13.8,broken clouds
393,Sengiley,RU,53.9622,48.7944,21.27,95,100,5.1,overcast clouds
394,Maniitsoq,GL,65.4167,-52.9,3.96,72,100,14.61,overcast clouds
395,Souillac,MU,-20.5167,57.5167,79.36,89,40,9.22,scattered clouds
396,Hereford,GB,52.0568,-2.7148,46.63,77,29,8.99,scattered clouds
397,Lixourion,GR,38.2019,20.4314,54.54,83,21,2.62,few clouds
398,Trofors,NO,65.5333,13.4063,33.15,97,61,4.41,broken clouds
399,Kanigoro,ID,-8.13,112.219,73.58,94,100,4.14,overcast clouds
400,Luderitz,NA,-26.6481,15.1594,68.31,75,11,4.7,few clouds
401,Puerto Madryn,AR,-42.7692,-65.0385,73.65,38,10,14.76,clear sky
402,Bertoua,CM,4.5833,13.6833,75.69,25,74,2.95,broken clouds
403,Nsanje,MW,-16.92,35.262,72.99,93,7,2.35,light rain
404,Horta,PT,38.5333,-28.6333,62.24,77,75,9.22,broken clouds
405,Samarai,PG,-10.6167,150.6667,81.55,78,100,10.76,light rain
406,Padre Bernardo,BR,-15.35,-48.5,76.03,82,100,4.07,overcast clouds
407,Ergani,TR,38.2653,39.7621,30.92,82,15,6.42,few clouds
408,Talca,CL,-35.4333,-71.6667,94.71,12,0,9.31,clear sky
409,Ahipara,NZ,-35.1667,173.1667,72.84,98,100,6.71,overcast clouds
410,Havoysund,NO,70.9963,24.6622,27.48,72,3,26.04,clear sky
411,Berlevag,NO,70.8578,29.0864,21.09,85,41,18.01,scattered clouds
412,Labuhan,ID,-6.8844,112.2051,77.36,91,100,6.87,overcast clouds
413,Akdepe,TM,42.0551,59.3788,30.2,60,7,8.08,clear sky
414,Lunderskov,DK,55.4837,9.2992,35.46,100,100,8.05,overcast clouds
415,Portland,US,45.5234,-122.6762,58.6,78,75,1.01,mist
416,Camargo,MX,27.6667,-105.1667,61.14,22,0,2.98,clear sky
417,Macamic,CA,48.7502,-78.9996,16.03,92,100,10.07,snow
418,Mahibadhoo,MV,3.7833,72.9667,81.81,64,11,10.6,few clouds
419,Severomorsk,RU,69.0689,33.4162,16.2,87,100,9.55,overcast clouds
420,Tommot,RU,58.9564,126.2925,-27.0,99,44,2.15,scattered clouds
421,Dubbo,AU,-32.25,148.6167,57.33,88,0,11.5,clear sky
422,Yuzhno-Kurilsk,RU,44.0306,145.8556,22.15,88,96,17.72,overcast clouds
423,Adrar,MR,20.5022,-10.0711,73.11,8,0,9.17,clear sky
424,Boca Do Acre,BR,-8.7522,-67.3978,81.57,71,80,1.52,broken clouds
425,Chernyshevskiy,RU,63.0128,112.4714,-5.04,99,100,2.71,overcast clouds
426,Tiarei,PF,-17.5333,-149.3333,86.02,76,52,21.85,light rain
427,Nabire,ID,-3.3667,135.4833,76.51,89,100,2.89,overcast clouds
428,Ovre Ardal,NO,61.3167,7.8,27.48,97,100,3.87,light snow
429,Asfi,MA,32.2994,-9.2372,60.31,75,11,15.82,few clouds
430,Severo-Yeniseyskiy,RU,60.3725,93.0408,6.53,98,100,0.65,overcast clouds
431,Providencia,MX,28.7167,-111.5833,73.85,38,0,7.94,clear sky
432,Ouesso,CG,1.6136,16.0517,77.04,26,76,1.19,broken clouds
433,Sola,VU,-13.8833,167.55,81.81,79,100,15.3,overcast clouds
434,Augusto Correa,BR,-1.0217,-46.635,78.35,89,100,4.21,moderate rain
435,Beyneu,KZ,45.3167,55.2,28.31,79,21,6.4,few clouds
436,Horizontina,BR,-27.6258,-54.3078,85.17,27,0,9.98,clear sky
437,Mackay,AU,-21.15,149.2,74.68,66,86,18.95,overcast clouds
438,Baghdad,IQ,33.3406,44.4009,48.11,53,0,3.44,clear sky
439,Cacequi,BR,-29.8836,-54.825,85.68,21,2,18.34,clear sky
440,Walvis Bay,NA,-22.9575,14.5053,72.55,78,100,6.91,overcast clouds
441,Russkaya Polyana,UA,49.417,31.9201,31.87,80,95,11.1,overcast clouds
442,Soe,ID,-9.8607,124.284,66.43,92,27,3.29,scattered clouds
443,Voyvozh,RU,62.892,54.9635,13.62,88,100,10.31,overcast clouds
444,Opunake,NZ,-39.4556,173.8583,61.84,86,100,25.5,overcast clouds
445,Homnabad,IN,17.7667,77.1333,69.55,32,10,4.7,clear sky
446,Ouegoa,NC,-20.35,164.4333,78.69,87,100,5.7,overcast clouds
447,Benjamin Hill,MX,30.1667,-111.1,69.17,17,0,4.34,clear sky
448,Lima,PE,-12.0432,-77.0282,75.38,77,0,1.99,clear sky
449,Hualmay,PE,-11.0964,-77.6139,74.75,68,70,10.58,broken clouds
450,Kembe,CF,4.6228,21.8865,73.98,24,29,1.45,scattered clouds
451,Logon,PH,11.3303,124.1146,78.46,80,54,12.37,broken clouds
452,Suntar,RU,62.1444,117.6319,0.64,99,100,2.1,overcast clouds
453,La Palma,US,33.8464,-118.0467,79.93,28,0,1.99,clear sky
454,Pandamatenga,BW,-18.5278,25.627,67.01,77,72,4.85,broken clouds
455,Lashio,MM,22.9333,97.75,45.79,77,5,2.53,clear sky
456,Lufkin,US,31.3382,-94.7291,55.51,40,0,8.05,clear sky
457,Isangel,VU,-19.55,169.2667,77.11,94,100,0.0,light rain
458,Manokwari,ID,-0.8667,134.0833,77.9,78,100,2.86,overcast clouds
459,Pisco,PE,-13.7,-76.2167,72.01,88,20,9.22,mist
460,Poya,NC,-21.35,165.15,77.95,93,100,6.55,light rain
461,Ponta Do Sol,PT,32.6667,-17.1,64.71,66,6,10.54,clear sky
462,Kampene,CD,-3.6,26.6667,71.67,89,100,1.36,overcast clouds
463,Morgan City,US,29.6994,-91.2068,56.03,43,0,0.0,clear sky
464,Daloa,CI,6.8774,-6.4502,83.97,23,72,4.23,broken clouds
465,Naryan-Mar,RU,67.6713,53.087,9.5,88,100,15.66,overcast clouds
466,Yumen,CN,40.2833,97.2,12.67,88,11,14.09,few clouds
467,Qaqortoq,GL,60.7167,-46.0333,7.3,68,100,4.81,overcast clouds
468,Seymour,US,38.9592,-85.8903,40.44,66,1,7.0,clear sky
469,Arrifes,PT,37.7667,-25.7,61.23,88,40,14.97,scattered clouds
470,Fairbanks,US,64.8378,-147.7164,-1.7,78,100,0.0,light snow
471,Quang Ngai,VN,15.1167,108.8,68.43,91,100,4.92,overcast clouds
472,Pitimbu,BR,-7.4706,-34.8086,86.59,61,17,10.89,few clouds
473,Abalak,RU,58.1286,68.5944,8.67,92,100,5.82,overcast clouds
474,Camabatela,AO,-8.1881,15.375,63.73,89,98,1.66,light rain
475,Raudeberg,NO,61.9875,5.1352,37.87,87,87,1.01,overcast clouds
476,Saint-Pierre,RE,-21.3393,55.4781,80.24,78,0,4.61,clear sky
477,Bilma,NE,18.6853,12.9164,65.66,14,0,8.52,clear sky
478,Juegang,CN,32.3174,121.1855,40.91,76,100,8.61,light rain
479,Harper,LR,4.375,-7.7169,80.11,80,100,10.74,overcast clouds
480,Mizdah,LY,31.4451,12.9801,58.19,21,100,6.89,overcast clouds
481,Dwarka,IN,22.2394,68.9678,69.19,61,5,7.34,clear sky
482,Atherton,GB,53.5237,-2.4935,43.05,79,100,10.0,overcast clouds
483,Puerto Del Rosario,ES,28.5004,-13.8627,65.95,82,20,19.57,few clouds
484,Belaya Gora,RU,68.5333,146.4167,-42.79,100,69,0.92,broken clouds
485,Sisimiut,GL,66.9395,-53.6735,0.61,95,100,10.74,overcast clouds
486,Muriti,TZ,-1.9833,32.9167,73.02,63,38,2.77,scattered clouds
487,Malinyi,TZ,-8.9333,36.1333,74.01,85,100,2.64,overcast clouds
488,Xinzhi,CN,36.4989,111.7047,28.71,74,100,3.56,overcast clouds
489,Roald,NO,62.5833,6.1333,39.0,81,75,13.8,broken clouds
490,Mazatlan,MX,23.2167,-106.4167,71.56,75,100,5.01,overcast clouds
491,Tinca,RO,46.7749,21.9316,42.91,73,98,11.21,overcast clouds
492,Korla,CN,41.7597,86.1469,23.95,46,8,5.08,clear sky
493,Nhulunbuy,AU,-12.2333,136.7667,77.61,88,100,6.91,overcast clouds
494,Jacareacanga,BR,-6.2222,-57.7528,83.68,76,100,2.57,overcast clouds
495,Karachi,PK,24.9056,67.0822,69.62,68,20,5.75,few clouds
496,Mnogovershinnyy,RU,53.9353,139.9242,-3.77,90,100,4.68,overcast clouds
497,Nouakchott,MR,18.0858,-15.9785,75.13,54,6,12.66,clear sky
498,Naze,JP,28.3667,129.4833,51.8,63,100,6.98,overcast clouds
499,Santiago Del Estero,AR,-27.7951,-64.2615,84.47,31,4,6.24,clear sky
500,Waingapu,ID,-9.6567,120.2641,78.94,85,97,4.72,overcast clouds
501,Morden,CA,49.1919,-98.1014,3.58,78,56,6.91,broken clouds
502,Farah,AF,32.5,62.5,45.54,48,0,4.0,clear sky
503,Altamont,US,42.2068,-121.7372,47.79,44,0,1.01,clear sky
504,Ndjole,GA,-0.1783,10.7649,81.12,71,35,2.57,scattered clouds
505,Kuytun,RU,54.3419,101.5036,9.91,96,99,2.13,overcast clouds
506,Yichang,CN,30.7144,111.2847,33.46,98,100,0.45,light snow
507,Ahuimanu,US,21.4447,-157.8378,78.51,75,75,5.99,broken clouds
508,Price,US,39.5994,-110.8107,41.11,30,0,3.44,clear sky
509,Rawson,AR,-43.3002,-65.1023,75.85,34,7,15.95,clear sky
510,Fitchburg,US,42.5834,-71.8023,28.98,57,0,1.99,clear sky
511,Pangnirtung,CA,66.1451,-65.7125,-31.0,68,75,0.0,broken clouds
512,Itarema,BR,-2.9248,-39.9167,84.34,65,100,13.89,overcast clouds
513,Mandalgovi,MN,45.7625,106.2708,4.59,67,0,5.84,clear sky
514,Brigantine,US,39.4101,-74.3646,39.34,59,0,9.22,clear sky
515,Kalianget,ID,-7.05,113.9333,78.01,87,56,10.45,broken clouds
516,Pochutla,MX,15.7432,-96.4661,87.82,37,0,10.13,clear sky
517,Sabzevar,IR,36.2126,57.6819,38.64,62,100,3.78,overcast clouds
518,Cartagena,CO,10.3997,-75.5144,87.42,58,20,14.97,few clouds
519,Kununurra,AU,-15.7667,128.7333,75.18,100,100,0.0,overcast clouds
520,Zhangye,CN,38.9342,100.4517,13.89,83,86,2.48,overcast clouds
521,Tevaitoa,PF,-16.7833,-151.5,81.0,75,100,22.08,light rain
522,Marondera,ZW,-18.1853,31.5519,57.54,95,7,8.12,clear sky
523,Port Lincoln,AU,-34.7333,135.8667,70.99,69,0,12.59,clear sky
524,Rayadrug,IN,14.7,76.8667,75.33,57,97,2.53,overcast clouds
525,Mao,ES,39.8885,4.2658,45.16,93,20,2.3,few clouds
526,Harindanga,IN,22.0383,88.3214,60.78,58,86,2.95,overcast clouds
527,Kaeo,NZ,-35.1,173.7833,74.32,98,100,4.65,overcast clouds
528,Pilar,BR,-9.5972,-35.9567,85.93,54,0,13.96,clear sky
529,San Carlos,VE,9.6612,-68.5827,93.88,32,14,4.94,few clouds
530,Hofn,IS,64.2539,-15.2082,27.0,67,0,16.11,clear sky
531,Santa Isabel Do Rio Negro,BR,-0.4139,-65.0192,86.47,58,100,5.86,heavy intensity rain
532,Talaya,RU,61.3833,152.75,-35.82,88,9,1.86,clear sky
533,Terrell,US,32.736,-96.2753,54.28,39,0,8.05,clear sky
534,Hirara,JP,24.8,125.2833,64.53,65,43,17.36,scattered clouds
535,Ust-Tsilma,RU,65.441,52.1498,15.19,91,100,9.71,overcast clouds
536,Wloszczowa,PL,50.8526,19.9659,41.2,84,100,22.91,overcast clouds
537,Pervomayskoye,RU,43.919,46.7102,37.53,58,100,3.94,overcast clouds
538,Ostrovnoy,RU,68.0531,39.5131,13.96,86,98,22.37,overcast clouds
539,Arinos,BR,-15.9169,-46.1056,69.96,95,100,1.28,light rain
540,Nioro,GM,13.35,-15.75,93.02,8,3,6.73,clear sky
541,Dudinka,RU,69.4058,86.1778,-33.32,100,16,4.41,few clouds
542,Racovita,RO,45.6983,21.6358,47.95,69,33,5.48,scattered clouds
543,Sao Gabriel Da Cachoeira,BR,-0.1303,-67.0892,85.8,70,40,6.91,scattered clouds
544,Bandarbeyla,SO,9.4942,50.8122,75.87,72,100,14.9,overcast clouds
545,Turukhansk,RU,65.8167,87.9833,-12.87,100,86,3.02,overcast clouds
546,Nador,MA,35.174,-2.9287,59.25,82,75,10.36,broken clouds
547,The Pas,CA,53.8251,-101.2541,-5.78,65,0,10.36,clear sky
548,Tokuyama,JP,34.05,131.8167,33.42,79,76,3.83,broken clouds
549,Port-Cartier,CA,50.0334,-66.8654,5.11,71,100,6.17,overcast clouds
550,Erzin,TR,36.9559,36.2,47.12,81,4,3.67,clear sky
551,Pierre,US,44.3683,-100.351,42.85,48,0,1.01,clear sky
552,Jambi,ID,-1.6,103.6167,71.73,96,99,3.33,overcast clouds
553,Payo,ID,-3.7508,103.6372,72.12,95,100,2.95,overcast clouds
554,Zhuhai,CN,22.2769,113.5678,62.38,82,20,13.8,light rain
555,Male,MV,4.1748,73.5089,82.35,74,75,8.05,broken clouds
556,Hudiksvall,SE,61.729,17.1036,24.22,90,70,6.02,broken clouds
557,Kijang,KR,35.2442,129.2139,28.13,47,0,5.66,clear sky
558,Mitzic,GA,0.7821,11.549,76.15,64,17,2.98,few clouds
559,Gizo,SB,-8.103,156.8419,83.03,78,100,12.8,overcast clouds
560,Nelson Bay,AU,-32.7167,152.15,71.01,67,76,1.99,broken clouds
561,Taltal,CL,-25.4,-70.4833,71.62,62,24,5.68,few clouds
562,Yushan,CN,31.3776,120.9543,41.99,66,100,8.3,light rain
563,Virginia Beach,US,36.8529,-75.978,41.05,74,100,3.0,overcast clouds
564,Dzhebariki-Khaya,RU,62.2167,135.8,-39.41,99,99,0.89,overcast clouds
565,Beziers,FR,43.3476,3.219,49.89,57,0,16.11,clear sky
566,Christchurch,NZ,-43.5333,172.6333,58.32,89,100,3.44,overcast clouds
567,Biak,ID,-0.9131,122.8766,75.76,81,100,3.06,overcast clouds
568,Pemangkat,ID,1.1667,108.9667,77.2,91,96,5.39,overcast clouds
569,Biloela,AU,-24.4167,150.5,63.88,80,0,10.31,clear sky
570,Opuwo,NA,-18.0607,13.84,74.61,41,100,6.38,overcast clouds
571,Tukrah,LY,32.5341,20.5791,57.85,70,100,5.84,overcast clouds
572,Mozarlandia,BR,-14.7447,-50.5706,82.9,74,98,3.2,overcast clouds
573,Manta,EC,-0.95,-80.7333,78.66,78,98,8.1,light rain
574,Mayskiy,RU,47.6931,40.1025,29.61,79,100,10.4,overcast clouds
575,San Andres,CO,12.5847,-81.7006,86.02,58,20,12.66,few clouds
576,Sakaide,JP,34.3167,133.85,27.82,67,84,8.77,broken clouds
577,Trabzon,TR,40.9167,39.8333,39.29,76,75,6.91,broken clouds
578,Bara,NG,10.3744,10.7288,75.04,19,2,7.67,clear sky
579,Aripuana,BR,-9.1667,-60.6333,86.85,67,46,2.53,scattered clouds
580,Yar-Sale,RU,66.8333,70.8333,-12.24,100,88,7.63,overcast clouds
581,Immokalee,US,26.4187,-81.4173,79.95,63,75,9.22,broken clouds
582,Havre-Saint-Pierre,CA,50.2334,-63.5986,5.59,46,0,17.27,clear sky
583,Sao Mateus Do Sul,BR,-25.8742,-50.3828,87.19,30,100,3.02,overcast clouds
584,Tessalit,ML,20.1986,1.0114,70.7,10,0,6.76,clear sky
585,Vanavara,RU,60.34,102.2797,-13.76,100,93,2.48,overcast clouds
586,Tigil,RU,57.8,158.6667,2.57,86,69,5.84,broken clouds
587,Lizzano,IT,40.391,17.4476,54.77,81,0,2.3,clear sky
588,Yebaishou,CN,41.3975,119.6408,13.08,70,2,3.74,clear sky
589,Port-Gentil,GA,-0.7193,8.7815,80.56,83,20,8.05,few clouds
590,Beloha,MG,-25.1667,45.05,74.12,94,100,19.26,moderate rain
591,Sonamukhi,IN,23.3,87.4167,59.52,46,72,2.86,broken clouds
592,Fallon,US,39.4735,-118.7774,49.42,37,0,5.1,clear sky
593,Garowe,SO,8.4054,48.4845,71.64,65,100,13.69,overcast clouds
594,Vice,PE,-5.4167,-80.7833,85.84,46,27,14.83,scattered clouds
595,Tornio,FI,65.8481,24.1466,26.62,96,100,16.62,light snow
596,Constitucion,CL,-35.3333,-72.4167,71.74,56,13,9.75,few clouds
597,Caceres,ES,39.522,-6.3748,47.8,63,5,3.87,clear sky
598,Manggar,ID,-2.8833,108.2667,78.93,86,100,9.06,moderate rain
599,Maryville,US,35.7565,-83.9705,51.19,45,0,1.99,clear sky
600,Kaiserslautern,DE,49.45,7.75,45.64,68,100,4.0,moderate rain
601,Khani,GE,41.9563,42.9566,24.37,97,100,1.9,snow
602,Boguchany,RU,58.3814,97.4531,12.85,98,100,2.13,overcast clouds
603,Acarau,BR,-2.8856,-40.12,84.52,65,100,15.73,overcast clouds
604,Daru,PG,-9.0763,143.2092,77.92,88,100,6.49,overcast clouds
605,Thinadhoo,MV,0.5333,72.9333,82.62,69,75,11.05,broken clouds
606,Alyangula,AU,-13.8483,136.4192,75.07,100,97,0.0,overcast clouds
607,Kodinsk,RU,58.6881,99.1844,8.15,99,100,1.48,overcast clouds
608,Istmina,CO,5.1605,-76.684,84.0,52,37,3.06,scattered clouds
609,Nchelenge,ZM,-9.3451,28.734,69.49,87,100,5.23,moderate rain
610,Hailar,CN,49.2,119.7,-10.12,100,97,6.55,overcast clouds
611,Ahmadnagar,IN,19.0833,74.7333,70.93,29,10,4.65,clear sky
612,Guaimaro,CU,21.05,-77.35,84.7,27,0,14.05,clear sky
613,Guanica,PR,17.9716,-66.908,81.43,76,98,11.99,overcast clouds
614,Nizhneangarsk,RU,55.7833,109.55,2.28,87,99,5.19,overcast clouds
615,Concarneau,FR,47.875,-3.9225,54.39,84,100,23.42,overcast clouds
616,Banda Aceh,ID,5.5577,95.3222,76.35,91,100,8.37,overcast clouds
617,Bastia,FR,42.6667,9.3333,53.4,91,20,1.01,few clouds
618,Kharp,RU,66.8014,65.8081,-12.39,100,98,2.64,overcast clouds
619,Noshiro,JP,40.2039,140.0242,29.46,70,99,13.18,light snow
620,Gayny,RU,60.3071,54.3241,18.93,87,100,8.52,overcast clouds
621,Vestmannaeyjar,IS,63.4427,-20.2734,33.73,57,100,9.33,overcast clouds
622,Sibolga,ID,1.7427,98.7792,75.07,89,100,3.27,overcast clouds
623,Meulaboh,ID,4.1363,96.1285,76.14,90,100,6.53,overcast clouds
624,Awjilah,LY,29.1081,21.2869,60.94,28,6,4.23,clear sky
625,Muroto,JP,33.2833,134.15,40.28,55,22,9.75,few clouds
626,Alta Floresta,BR,-9.8756,-56.0861,87.62,66,75,4.61,moderate rain
627,Paso De Carrasco,UY,-34.8603,-56.0522,68.25,73,75,14.97,broken clouds
628,Umm Kaddadah,SD,13.6017,26.6876,60.57,18,100,14.72,overcast clouds
629,Mallaig,CA,54.2169,-111.3685,41.41,90,17,15.99,few clouds
630,Wanxian,CN,30.8039,108.3897,39.7,99,100,2.66,overcast clouds
631,Medicine Hat,CA,50.0501,-110.6683,45.84,53,100,5.99,overcast clouds
632,Miroslava,RO,47.15,27.5167,39.02,54,0,4.0,clear sky
633,Kupang,ID,-10.1667,123.5833,78.84,85,36,7.2,scattered clouds
634,Krosno,PL,49.6887,21.7706,40.05,100,74,21.52,broken clouds
635,Tambopata,PE,-12.7333,-69.1833,69.69,94,100,9.22,mist
636,Bilibino,RU,68.0546,166.4372,-17.7,77,2,4.5,clear sky
637,Barra Do Garcas,BR,-15.89,-52.2567,84.78,70,75,3.76,thunderstorm
638,Zhaoyuan,CN,37.3592,120.3964,26.74,50,100,1.52,overcast clouds
639,Xai-Xai,MZ,-25.0519,33.6442,76.1,83,25,15.5,light rain
640,Tuy Hoa,VN,13.0833,109.3,71.19,93,95,5.5,overcast clouds
641,Huangmei,CN,30.1924,116.025,34.14,99,100,5.97,snow
642,Port Hedland,AU,-20.3167,118.5667,80.65,100,100,11.5,overcast clouds
643,Nyurba,RU,63.2842,118.3319,-3.69,99,100,5.64,overcast clouds
644,Sabya,SA,17.1495,42.6254,78.42,68,17,8.08,few clouds
645,Sinegorye,RU,62.0788,150.477,-17.84,58,0,1.52,clear sky
646,Lukovetskiy,RU,64.2956,41.9211,8.58,95,100,7.9,overcast clouds
647,Turayf,SA,31.6725,38.6637,44.85,81,0,9.22,clear sky
648,Otradnoye,RU,59.7775,30.8181,37.04,94,100,12.06,light snow
649,Verkhnyaya Inta,RU,65.9811,60.3094,5.22,81,28,9.22,scattered clouds
650,Half Moon Bay,US,37.4636,-122.4286,66.07,54,0,9.22,clear sky
651,Humaita,BR,-7.5061,-63.0208,85.64,79,98,1.59,light rain
652,Asau,RO,46.4333,26.4,41.4,72,100,6.13,overcast clouds
653,Mubarakpur,IN,26.09,83.2922,51.21,81,0,2.35,clear sky
654,Hannibal,US,39.7084,-91.3585,41.92,45,75,10.36,broken clouds
655,Xichang,CN,27.8964,102.2634,40.41,90,75,0.36,broken clouds
656,Bodden Town,KY,19.2833,-81.25,84.2,63,20,7.0,few clouds
657,Mount Isa,AU,-20.7333,139.5,74.97,69,100,5.75,overcast clouds
658,Xining,CN,36.6167,101.7667,9.14,93,62,1.19,broken clouds
659,Zirovnice,CZ,49.2532,15.1882,41.92,93,100,7.0,overcast clouds
660,Camacha,PT,33.0833,-16.3333,59.54,63,40,17.27,scattered clouds
661,Tongzi,CN,28.7829,105.0877,42.31,91,100,1.34,light rain
662,Miraflores,MX,19.2167,-98.8083,70.56,37,50,3.15,scattered clouds
663,Berbera,SO,10.4396,45.0143,76.93,80,93,3.42,overcast clouds
664,Fare,PF,-16.7,-151.0167,81.36,74,100,20.96,light rain
665,Sulangan,PH,11.1373,123.7228,79.34,78,98,13.91,overcast clouds
666,Rubtsovsk,RU,51.5,81.25,-10.26,95,34,2.66,scattered clouds
667,Balkhash,KZ,46.844,74.9804,12.29,87,100,10.25,overcast clouds
668,Santa Cruz De Tenerife,ES,28.4682,-16.2546,69.03,82,20,1.99,few clouds
669,Jinxiang,CN,27.4327,120.6062,44.2,91,100,8.34,light rain
670,Panino,RU,51.6467,40.1346,29.97,95,100,7.34,overcast clouds
671,Mbaiki,CF,3.8678,17.9892,76.33,31,100,1.32,overcast clouds
672,Cartago,CO,4.7464,-75.9117,78.55,72,48,4.18,scattered clouds
673,Bougouni,ML,11.417,-7.479,80.96,10,0,4.41,clear sky
674,Fort Nelson,CA,58.8053,-122.7002,36.23,87,100,4.09,overcast clouds
675,Never,FR,46.9896,3.159,49.75,89,100,20.98,overcast clouds
676,Poum,NC,-20.2333,164.0167,80.4,83,100,10.74,overcast clouds
677,Boa Vista,BR,2.8197,-60.6733,89.58,48,75,6.91,broken clouds
678,Seydi,TM,39.4816,62.9137,39.99,57,100,3.76,overcast clouds
679,Sur,OM,22.5667,59.5289,70.79,70,0,4.97,clear sky
680,Dembi Dolo,ET,8.5333,34.8,65.48,36,100,3.62,overcast clouds
681,North Bend,US,43.4065,-124.2243,59.16,77,0,8.05,clear sky
682,Nicoya,CR,10.1483,-85.452,90.95,38,52,8.39,broken clouds
683,Rio Gallegos,AR,-51.6226,-69.2181,78.85,31,75,19.57,broken clouds
684,Hit,IQ,33.6416,42.8251,53.76,49,67,3.96,broken clouds
685,Noyabrsk,RU,63.1994,75.4507,-12.39,100,73,8.59,broken clouds
686,Evensk,RU,61.95,159.2333,0.14,69,0,8.68,clear sky
687,Orange Cove,US,36.6244,-119.3137,71.62,34,0,3.98,clear sky
688,Envira,BR,-7.3,-70.2167,77.92,94,97,2.84,light rain
689,Monte Carmelo,BR,-18.7247,-47.4986,70.32,91,100,6.42,overcast clouds
690,Krasnyy Kut,RU,50.95,46.9667,-1.25,99,59,4.32,broken clouds
691,Dunkirk,FR,51.05,2.3667,50.22,64,87,11.01,overcast clouds
692,Brainerd,US,46.358,-94.2008,13.24,62,100,12.66,overcast clouds
693,Brae,GB,60.3964,-1.353,39.11,56,44,32.06,scattered clouds
694,Mier,MX,26.4333,-99.15,65.08,37,1,8.03,clear sky
695,Keffi,NG,8.8486,7.8736,82.31,15,31,2.95,scattered clouds
696,Bereda,ES,43.2686,-7.5406,48.92,98,78,2.86,broken clouds
697,Chicama,PE,-7.8447,-79.1469,70.34,57,88,11.72,overcast clouds
698,South Lake Tahoe,US,38.9332,-119.9844,51.35,35,0,0.0,clear sky
